country,polity,v2cltort,v2clkill,v2clslavem,v2clslavef,v2cltrnslw,v2clrspct,v2clacjstm,v2clacjstw,v2clacjust,v2clsocgrp,v2cldiscm,v2cldiscw,v2clacfree,v2clrelig,v2clfmove,v2cldmovem,v2cldmovew,v2clstown,v2clprptym,v2clprptyw,v2clgencl,v2clgeocl,v2clpolcl
Afghanistan,-6.901960784313726,-0.93776,-0.8470533333333333,-0.6708933333333333,0.8769733333333334,-1.11944,-0.7509333333333333,-0.89408,-1.2683733333333334,0.05876000000000001,-0.9239066666666667,-0.7939466666666667,-0.9171333333333334,-0.5722933333333333,-1.2069466666666666,-0.6702133333333333,-1.0420533333333333,-1.9350533333333333,-0.8804133333333333,-0.4706933333333333,-1.6805466666666666,-1.90832,-1.2367333333333335,-0.11006666666666666
Albania,-2.7972972972972974,-0.6538666666666667,-1.2543866666666668,-1.11312,-0.8906933333333333,-0.48488,-0.9068799999999999,-1.3990133333333332,-0.4348266666666667,1.2193733333333334,2.033333333333333,-1.1719866666666665,-0.6861999999999999,-0.9780933333333333,-1.0988533333333332,-1.8860133333333333,-1.8312133333333334,-2.1242,-1.8191466666666665,-1.6079333333333334,-1.4634133333333332,0.6833066666666666,0.4048933333333334,-0.8659333333333332
Algeria,-4.631578947368421,0.15168,-0.17270666666666665,0.9225333333333333,0.30389333333333335,-1.1769733333333334,-1.0861866666666666,0.15526666666666666,0.19176,0.9894266666666667,0.37716,-0.10229333333333336,-0.09782666666666669,-0.78512,-1.4883199999999999,-0.5900133333333333,1.2092133333333335,-1.2187999999999999,-2.227586666666667,-0.72292,0.21517333333333336,0.19154666666666664,-0.18550666666666665,0.09895999999999998
Angola,-3.8636363636363638,-1.5402799999999999,-1.5172533333333333,-1.2387066666666666,-1.2832533333333334,-0.92996,-1.36696,-1.6420133333333333,-1.5122,-1.6967333333333334,-1.3909066666666667,-1.7320666666666666,-1.5273066666666666,-1.32808,0.19737333333333335,-1.3953733333333334,-1.79712,-1.4942266666666666,-1.3405733333333332,-1.1688933333333333,-1.3690666666666667,-0.5608266666666666,-0.9912000000000001,-1.2934453333333333
Argentina,0.9459459459459459,0.35024,0.44516000000000006,1.3509333333333333,1.4204933333333334,-0.8632266666666667,-0.13544,0.18974666666666665,0.3005466666666667,1.0181066666666667,1.2223066666666667,0.9029866666666667,0.8206266666666666,0.6101066666666667,1.63956,1.5122266666666666,1.3879066666666666,1.35,0.8046800000000001,1.4610933333333334,1.7871733333333333,1.7199466666666665,0.17509333333333332,1.0187066666666666
Armenia,4.5,0.2685666666666667,1.0158333333333334,1.5273666666666665,1.3982999999999999,0.7090666666666666,-0.25106666666666666,0.5671333333333334,0.7302333333333333,1.3545666666666667,1.5537,1.6698333333333333,1.5267,0.9244666666666667,0.5811999999999999,1.5314333333333332,2.0178666666666665,2.0541,1.4280666666666666,1.758,1.7568333333333332,1.5386666666666668,0.6037333333333333,1.0076
Australia,10,2.6149733333333334,2.56892,2.2280533333333334,1.9843733333333333,3.1654666666666667,3.0256666666666665,2.83092,2.66784,1.7125333333333335,1.0189333333333335,2.436986666666667,2.4916,2.2089866666666667,1.93108,1.85648,1.1872133333333332,1.32044,1.20784,1.5919466666666668,1.91448,1.4329333333333334,1.5066586666666666,2.4083893333333335
Austria,9.932432432432432,2.02496,2.4702,1.82704,1.9612266666666667,2.2607999999999997,2.1696,2.1735599999999997,2.1350533333333335,2.3218799999999997,2.1578133333333334,2.137426666666667,2.262226666666667,2.0097733333333334,1.3946666666666667,1.8947733333333332,1.2099066666666667,1.4854933333333333,0.15162666666666672,2.1345199999999998,2.2920133333333332,1.763251182795699,1.5217061505376344,1.9666683440860215
Azerbaijan,-6.178571428571429,-1.2086999999999999,0.5484666666666667,0.3688,0.4126333333333333,-1.2025333333333332,-1.1295666666666666,-0.7412,-0.6209,0.7689666666666667,1.0526,-0.02143333333333334,0.13896666666666668,-1.2333333333333334,-0.3216333333333333,0.49500000000000005,0.7462333333333333,1.0835,-0.5633333333333334,0.15446666666666667,0.4843,1.119,-1.5760333333333334,-1.4822333333333333
Bahrain,-9.020833333333334,-0.6272266666666667,-0.08397333333333332,0.87124,0.026760000000000003,-0.44742666666666664,-0.43345333333333336,-0.5577866666666667,-0.1954533333333333,0.42216,-0.79608,-0.5927066666666666,-0.44248,-0.8980400000000001,-0.2593333333333333,-0.39577333333333337,-0.32513333333333333,-0.3918933333333333,-2.021,0.94816,1.3664,-1.1139333333333332,-0.82808,-1.7889333333333333
Bangladesh,0.6382978723404256,-0.5277142857142857,-0.6043877551020408,1.1683061224489795,0.6291020408163265,0.24736734693877552,-1.1498163265306123,-0.08544897959183674,-0.1550408163265306,-0.8421836734693877,-0.9408571428571428,-0.5345102040816326,-0.547795918367347,0.5776530612244898,1.3865102040816326,0.710469387755102,1.714204081632653,-0.38477551020408163,0.5144285714285715,1.5678775510204082,1.9979795918367347,-0.20012244897959183,-1.342265306122449,-1.0371020408163265
Barbados,5.709383753501401,1.5713866666666667,2.272746666666667,1.4864,0.3605066666666667,1.23092,1.3274533333333334,1.53464,1.2992,1.2055866666666666,1.01804,1.6154933333333332,1.2712933333333334,0.45634666666666673,1.4391866666666666,1.63752,1.0845866666666668,1.26424,0.5496800000000001,1.16276,1.157,2.1074266666666666,1.6349466666666668,1.1408800000000001
Belarus,-4.75,-0.4269,1.5402333333333333,0.9031333333333333,0.9256333333333333,-0.8634666666666666,-1.0773,0.6553,1.1588333333333334,1.4151666666666667,1.2755333333333334,1.122,1.0043666666666666,-0.4383,0.06453333333333333,0.7775333333333333,1.6089666666666667,1.9585333333333335,-1.4484666666666666,0.013599999999999994,1.2605,2.5693333333333332,1.1783333333333332,-0.6375333333333333
Belgium,9.675675675675675,2.640066666666667,2.5514666666666668,1.8733466666666667,1.6996133333333334,2.7226266666666668,2.98096,2.8428,2.6353999999999997,2.381866666666667,2.331253333333333,2.0591600000000003,1.92208,2.4576,1.9234133333333334,2.2303466666666667,2.0705066666666667,2.236733333333333,1.5736666666666665,1.9490266666666667,2.013133333333333,1.93308,1.52136,2.294146666666667
Benin,0.288135593220339,-0.34571999999999997,0.45422666666666667,0.8394666666666667,1.1482933333333334,0.37218666666666667,-0.6482533333333333,0.36801333333333336,0.6890133333333334,1.4571866666666666,1.4001333333333335,0.33284,0.51036,1.1834666666666667,0.01587999999999999,1.1850533333333333,0.9306666666666666,1.2513733333333332,0.22298666666666664,0.98568,1.0688666666666666,0.7513733333333333,-0.17241333333333334,0.2806533333333333
Bhutan,-7.675675675675675,0.47798666666666667,1.0574666666666666,0.9264266666666667,1.1344133333333333,0.4666,0.9359466666666667,0.6682533333333334,0.6732133333333333,0.68533333333333335,-0.05026666666666668,-0.6064933333333333,-0.27409333333333336,-0.6819066666666667,-0.5639333333333333,0.04809333333333333,-0.2748933333333333,-0.13637333333333332,-0.7622666666666666,0.7003733333333333,0.7418533333333333,0.6761466666666667,0.06725333333333333,-0.5560933333333333
Bolivia,1.7432432432432432,0.25137333333333334,0.40888,0.23546666666666663,0.22389333333333333,-0.3759333333333333,-0.7232133333333333,-0.30848000000000003,-0.31823999999999997,0.11594666666666666,-0.00649333333333334,0.3848933333333333,-0.3575066666666667,0.18939999999999999,0.6102933333333334,-0.32093333333333335,0.3886,0.3749866666666667,0.21174666666666667,0.02481333333333334,-0.052813333333333344,0.019807999999999992,-0.6625413333333333,-0.23889866666666665
Bosnia and Herzegovina,0,1.3066785714285714,1.39525,1.545392857142857,1.4076785714285716,0.6301071428571429,-0.5606785714285715,0.6283214285714286,0.6298214285714285,1.1670357142857142,0.7403928571428571,1.423107142857143,0.7161428571428571,1.176642857142857,1.1511785714285714,1.6541071428571428,0.014678571428571421,0.06600000000000002,0.16424999999999998,0.9418571428571428,1.2243214285714286,1.4593571428571428,1.192392857142857,1.4428214285714285
Botswana,7.018867924528302,1.1628266666666667,1.5844266666666666,0.13710666666666665,0.4114133333333333,0.8057333333333333,1.7249466666666666,1.0224933333333333,0.9201466666666667,0.052333333333333364,-0.80464,1.3109066666666667,0.94508,1.2249866666666667,0.9274666666666667,1.1739333333333333,1.1728933333333333,0.4998266666666667,-0.34314666666666666,0.8007333333333333,0.16553333333333334,0.9295866666666667,1.2821466666666668,1.0997466666666667
Brazil,3.2027027027027026,-0.25253333333333333,-0.3924133333333333,-0.1413066666666667,-0.22401333333333334,0.2708933333333333,-0.35776,-0.14636000000000002,0.35224,0.08484000000000001,0.24817333333333333,0.7203733333333334,0.47828,0.6538266666666667,1.5195066666666666,1.3254533333333334,1.2388266666666665,1.2131866666666666,0.547,1.6312533333333334,1.2283466666666667,0.8311866666666666,0.24558666666666665,0.9579866666666667
Bulgaria,-0.8243243243243243,0.6173466666666667,0.7985599999999999,0.74016,0.6519866666666667,-0.30223999999999995,0.14214666666666667,-0.18381333333333333,0.29912,1.87628,0.5114799999999999,0.015213333333333407,0.30894666666666665,-0.3489466666666667,-1.1724,-0.5405733333333334,-1.0205066666666667,-0.3925333333333333,-1.70984,-1.53192,0.5330933333333333,2.0006266666666668,1.0574133333333333,0.30614666666666657
Burkina Faso,-3.1186440677966103,-0.2903972602739726,-0.7035753424657534,0.8965616438356164,1.1906438356164384,0.5844520547945206,0.36978082191780826,-0.11639726027397261,0.27493150684931505,0.9564794520547946,2.0795068493150684,-0.06261643835616437,0.22047945205479455,0.8252328767123288,1.2874931506849314,0.7036027397260274,1.3241780821917808,1.2243013698630136,-0.2023972602739726,1.2573972602739727,0.9924383561643836,1.0877066666666666,0.245672,0.5932826666666666
Burma/Myanmar,-3.056338028169014,-0.77776,-0.61624,-1.0635866666666667,-0.8558266666666666,-0.97976,-1.3751333333333333,-1.0463333333333333,-0.8432666666666666,-0.60392,-1.4251866666666666,-0.5783333333333334,-1.13656,-1.40512,-0.33146666666666663,-0.8230266666666666,-1.3523466666666666,-0.9104800000000001,-1.4310533333333333,-1.52316,-1.0141066666666667,-0.304616,-0.7505066666666667,-0.740192
Burundi,-2.508771929824561,-1.1290666666666667,-1.14988,0.44684,0.8705466666666667,-1.0303066666666667,-1.2965600000000002,2.1333333333331864e-4,-1.02348,-0.17767999999999998,1.1016133333333333,-0.5713866666666666,-0.042559999999999994,-0.52436,1.0586666666666666,-0.6419466666666667,0.03867999999999998,-0.4493066666666667,-0.41752,-0.2492,-2.5181733333333334,-0.21723733333333334,-0.956312,-0.6315786666666667
Cambodia,-2.8596491228070176,-0.8433066666666666,-0.7465333333333334,-0.3078,-0.7243466666666667,-0.45232,-0.4766,-0.5970533333333333,-0.7284933333333333,-1.46964,-1.08764,-0.7438933333333333,-0.7031733333333333,-0.8192266666666667,-0.52328,-0.5596133333333333,-0.04422666666666668,-0.2106666666666667,-0.09158666666666665,-0.5830533333333333,-0.21159999999999998,-0.48045333333333334,-0.7540586666666667,-0.3186453333333333
Cameroon,-5.8474576271186445,-0.8486271186440678,-0.7475084745762712,0.8637966101694915,-0.1760677966101695,-1.0379322033898306,-1.0158135593220339,-0.31191525423728816,-0.22566101694915253,0.8287457627118644,0.7867796610169492,-0.6176271186440678,0.08989830508474575,-0.24584745762711865,0.5875423728813559,0.7453559322033898,1.0726440677966103,1.4773728813559324,-0.015830508474576274,1.2581864406779661,1.0844745762711865,0.8317986666666667,-0.19812666666666667,0.127552
Canada,10,2.08148,2.32944,2.073586666666667,1.7284266666666666,2.1972266666666664,2.2252533333333333,2.4400399999999998,1.7356533333333333,1.6082133333333333,1.33168,2.1773866666666666,2.1843066666666666,1.9679866666666668,1.5821066666666666,2.0796,1.5151733333333333,1.9705866666666667,1.2580133333333334,1.5477333333333334,1.9090666666666665,1.4169466666666666,1.71532,2.012306666666667
Cape Verde,4.613636363636363,0.6797733333333332,1.1934533333333333,0.57724,-0.052879999999999934,-0.07285333333333333,0.3457333333333334,-0.2327066666666667,-0.023266666666666717,0.76132,0.13716,-0.52368,-0.3142933333333334,-0.33061333333333337,0.44261333333333336,1.1700933333333334,0.96204,0.8446933333333333,-0.7911466666666667,-0.05777333333333332,0.7324133333333334,-0.20058666666666664,0.5210799999999999,-0.05914666666666669
Central African Republic,-2.8983050847457625,-0.30129333333333336,-0.6756933333333334,-0.21867999999999999,-0.28926666666666667,-0.4769333333333333,-0.6562399999999999,-0.99236,-0.6985466666666666,-0.6370266666666667,-1.04996,-0.39972,-0.6824666666666667,0.45912,0.6752,-0.96256,-0.7716266666666667,-0.14950666666666668,1.00764,-0.8074666666666667,-0.48345333333333335,-0.34297333333333335,-0.8445866666666666,1.08264
Chad,-4.610169491525424,-1.6353066666666667,-1.35204,-0.4931866666666667,-0.6140533333333333,-1.2473866666666666,-0.33485333333333334,-1.2704533333333334,-1.2888133333333334,-0.3689866666666667,-0.73424,-1.18344,-1.1001866666666666,0.14388,0.35508,-0.7164933333333333,0.46346666666666664,0.8485466666666667,1.2595466666666666,1.1961466666666667,1.0767866666666666,-0.097824,-0.28660266666666667,0.17629866666666666
Chile,3.918918918918919,0.6647466666666667,0.7940533333333334,1.4274,1.5132133333333333,0.6886266666666666,1.1064533333333333,0.65376,0.5675466666666666,-0.06276000000000001,0.38104,0.46590666666666664,0.5102800000000001,0.5531866666666667,1.1752666666666667,1.09696,0.82624,0.9939733333333334,1.26848,1.03868,0.15421333333333337,-0.2768,-0.29639999999999994,0.3133066666666667
China,-7.328767123287672,-1.2197333333333333,-0.5194533333333333,-1.0278,-0.7224933333333333,-1.0988666666666667,-1.12564,-1.0459333333333334,-0.7188,0.5420666666666667,-1.0414933333333334,-1.4664133333333333,-0.9888533333333334,-1.59264,-2.0097733333333334,-1.5131466666666666,-1.7035333333333333,-1.4316266666666666,-2.0074133333333335,-1.7945733333333334,-0.82504,0.3956666666666666,-0.18978666666666666,-0.12941333333333332
Colombia,5.797297297297297,-0.22272,-0.7034266666666666,0.7096,-0.36546666666666666,0.26857333333333333,-0.5143333333333333,-0.7218133333333333,-0.30844,-0.6813466666666667,-0.5274266666666667,0.01420000000000001,0.28644000000000003,-0.03488,0.6156133333333333,1.52088,0.26525333333333334,0.9572533333333334,1.3407466666666665,0.8600533333333333,-0.2521999999999999,-0.22089599999999998,-0.9600293333333333,0.1326
Comoros,1.7727272727272727,-0.22179729729729727,0.27422972972972975,-0.6787837837837838,0.12405405405405404,-0.36817567567567566,-0.09209459459459458,0.13602702702702701,-0.3533783783783784,0.7217297297297297,0.7628513513513513,-0.39468918918918916,0.2928513513513514,1.1917432432432433,-1.1260135135135134,-0.3687297297297298,-0.518054054054054,-1.0154594594594595,-0.8984324324324324,0.17140540540540544,1.105635135135135,-0.22579729729729728,-0.20236486486486485,-0.18545945945945946
Costa Rica,10,1.7348533333333334,2.51752,2.3702,1.9901466666666667,1.8041866666666666,1.9811466666666666,1.9352933333333333,1.5615999999999999,1.5640666666666667,1.1685866666666667,2.5999733333333332,2.359026666666667,2.416506666666667,1.1686933333333334,1.5679333333333334,1.5536666666666665,1.7146666666666666,0.61248,1.74996,1.9128133333333333,1.2666,0.8686666666666667,1.4890666666666668
Croatia,4.821428571428571,1.9619655172413792,1.820103448275862,1.5870344827586207,1.5598275862068964,0.7687586206896552,0.4396551724137931,0.9832068965517241,1.2171724137931035,1.2731379310344828,0.3713448275862069,1.6271724137931034,1.444206896551724,1.013793103448276,1.2403103448275863,1.6735862068965517,1.291344827586207,1.6352413793103449,0.6076551724137931,1.694793103448276,2.004862068965517,1.831655172413793,1.2779655172413793,1.7897586206896552
Cuba,-5.837837837837838,1.0117866666666666,1.1694,1.1091733333333333,1.1736666666666666,-0.9076799999999999,-0.7843066666666667,-1.2137066666666667,-1.0316400000000001,1.6988,0.7986266666666666,-1.6165066666666668,-1.5325466666666665,-1.34152,-1.0979333333333334,-1.46444,-1.08408,-0.95604,-2.3673733333333336,-1.65552,-1.10564,1.07664,0.44952,-1.1600266666666668
Cyprus,8.745762711864407,0.7284533333333334,1.1938266666666666,0.9896933333333333,-0.25462666666666667,1.0533066666666666,0.62584,0.8847200000000001,1.3136266666666667,1.0789333333333333,0.06654666666666668,0.7869866666666667,0.6325333333333333,0.9561333333333333,0.7575866666666666,1.16584,0.5647466666666666,-0.55816,0.39185333333333333,1.16052,1.2323066666666667,1.24252,0.6122133333333333,1.4014533333333334
Czech Republic,9.5,0.89864,1.0898133333333333,0.28976,0.5501866666666667,0.1918133333333333,0.16604000000000002,0.2909333333333333,0.2433066666666667,2.1763333333333335,0.6748533333333333,0.28113333333333335,0.25672,0.2781733333333334,-0.11676,-0.21254666666666663,0.4200933333333333,0.6711466666666667,-1.3662666666666665,0.14749333333333328,0.7883466666666668,1.9649733333333335,1.33908,-0.11430666666666665
Democratic Republic of the Congo,-3.406779661016949,-1.72204,-1.8048,-1.3031466666666667,-0.4341066666666667,-1.6233066666666667,-1.8621066666666666,-1.4822666666666666,-2.18568,-1.1663466666666666,0.5668,-1.3253733333333333,-1.3434133333333333,-0.13518666666666665,0.21796000000000001,-1.2094933333333333,-1.49496,-0.45668000000000003,-0.8645333333333333,-1.1860666666666666,-1.9788133333333333,0.2973866666666667,-1.29756,-1.0886
Denmark,10,3.01304,2.78312,2.3357466666666666,2.6908533333333335,3.293413333333333,3.557746666666667,3.0067999999999997,3.0376266666666667,2.8908,2.6094,2.862013333333333,3.0250266666666668,2.7121466666666665,2.3054533333333334,2.3390133333333334,1.6934,1.7140266666666668,0.80844,2.1373466666666667,2.5249066666666664,2.4295066666666667,1.53508,2.6364933333333336
Djibouti,-2.857142857142857,-0.1714133333333333,-0.37849333333333335,-0.6828133333333333,-1.1438266666666665,-0.5464,-0.88268,-0.9169466666666667,-1.5840666666666667,-0.42741333333333337,-0.9167333333333334,-0.5410533333333334,-0.6308,-0.6844133333333333,-0.7330399999999999,-1.25516,-0.5178666666666667,-0.6764399999999999,-1.22148,-1.0518666666666667,-1.9173333333333333,-1.9057733333333333,-1.7342933333333332,-0.5322933333333333
Dominican Republic,1.554054054054054,-0.4227333333333333,-0.04441333333333332,-0.030439999999999988,1.57264,-0.63049333333333335,-0.9717733333333334,0.04454666666666668,0.26664,-0.5724266666666666,-1.7757066666666668,0.28934666666666664,0.09654666666666663,-0.34852,1.0694533333333334,0.2632933333333334,0.68828,0.82628,0.6144,1.0351733333333333,0.94476,-0.9074,-1.5323333333333333,-0.32452
Ecuador,3.7567567567567566,0.7620266666666666,1.0500933333333333,0.84988,0.52684,0.7948533333333333,-0.7795333333333333,-0.8110133333333333,-0.5149466666666667,-0.0982666666666667,-1.0023733333333333,1.13188,1.0135866666666666,0.9842933333333334,1.59284,1.0734533333333334,0.97632,1.2519066666666667,0.9642799999999999,1.11268,1.2612933333333334,0.36182666666666663,-0.7231466666666667,-0.14316
Egypt,-5.162162162162162,-1.23576,-0.5578266666666667,-0.34188,0.749,-0.65848,-0.6656933333333334,0.3062266666666667,0.4158266666666667,0.2890933333333333,-0.17464000000000002,-1.1081866666666667,-1.1240533333333333,-0.8424933333333333,-0.43812,-0.14126666666666665,1.2289333333333332,-0.22381333333333334,-0.049,-0.06346666666666666,0.32369333333333333,-0.30442481159420287,-0.0604927536231884,-0.2952051014492754
El Salvador,1.6891891891891893,-0.8815466666666666,-0.3619466666666667,-0.24872,-0.33644,-1.23928,-0.9188000000000001,-2.08196,-1.8362399999999999,-1.5967466666666668,-1.1557066666666667,-0.22446666666666665,-0.2641466666666667,-0.4797733333333333,0.54084,0.63104,-0.37645333333333336,0.2984133333333333,1.3638133333333333,-1.0908666666666667,-0.3904666666666667,-0.09173600000000001,-0.8940746666666667,-0.28447999999999996
Equatorial Guinea,-6.254901960784314,-1.5265466666666667,-1.25272,0.07686666666666668,-0.03646666666666663,-1.4404666666666666,-1.5542933333333333,-1.3716933333333334,-1.4838666666666667,-0.6657333333333333,-1.3757733333333333,-1.9125866666666667,-1.7620666666666667,-1.8432133333333334,-1.3270266666666666,-1.5323066666666667,-2.2261866666666665,-1.9276933333333333,-1.5899733333333332,-0.5390666666666666,-0.89092,-1.1920933333333332,-1.3148133333333334,-1.4665466666666667
Eritrea,-6.6923076923076925,-1.3907466666666668,-1.78728,-1.1372,-1.2775333333333334,-1.4760666666666666,-1.5531866666666667,-1.3870799999999999,-1.3767333333333334,0.84724,-1.0578,-1.6382,-1.4797733333333334,-1.96772,-0.9181066666666666,-1.81544,-1.6487466666666666,-0.56236,-1.80716,-1.1004133333333332,-1.1696933333333333,-0.8021466666666667,-0.56796,-1.62016
Estonia,8.071428571428571,2.506666666666667,2.6871,1.9720333333333333,1.7850666666666666,2.1430000000000002,2.1168666666666667,2.404,1.9553666666666667,2.4304333333333332,1.5632,1.8980000000000001,1.8271666666666666,2.3875,1.5681666666666667,2.0090666666666666,1.6640333333333333,1.9140333333333333,1.2679,1.9526333333333334,2.2337333333333333,2.6792,1.8305333333333333,2.0732999999999997
Eswatini,-8.509803921568627,-0.9749066666666667,0.47558666666666666,-0.71064,-0.813,-0.4033466666666667,-1.2723066666666667,0.58228,-0.5483866666666667,-0.9207066666666667,0.7421333333333333,-1.3726533333333333,-0.4493333333333333,-1.4238133333333334,-0.5438666666666666,-0.9122666666666667,-0.3502533333333333,-0.26384,-1.27064,-1.2943066666666667,-2.2230666666666665,-0.48328347826086954,-0.8721460869565217,-0.6955144347826087
Ethiopia,-5.36,-0.8727733333333334,-1.0337733333333334,-0.40413333333333334,-0.8782,-0.41990666666666665,-0.9989066666666667,-0.6158,-0.98740000000000006,-0.16158666666666666,-1.1062266666666667,-1.5806266666666666,-1.24548,-0.9301999999999999,0.09446666666666666,-0.9749466666666666,0.10198666666666666,-1.08108,-1.02704,-1.3666133333333332,-1.2954533333333333,-0.7164141449275362,-0.5633807536231884,-0.634639768115942
Fiji,4.204081632653061,0.91212,1.9214666666666667,1.26864,1.4799333333333333,0.47938666666666663,1.35556,0.7404133333333334,0.38542666666666664,1.1393333333333333,0.3271733333333333,0.17795999999999995,-0.23958666666666667,0.91684,1.4033333333333333,0.5049733333333334,1.05876,1.0398666666666667,0.15565333333333334,0.9954666666666667,0.26216,-0.10222666666666667,-0.90292,-0.005786666666666668
Finland,10,2.9396,2.7401866666666663,2.0022266666666666,1.8440666666666667,3.2818266666666664,2.8056,3.0679066666666666,2.4304666666666668,2.5206,2.324186666666667,1.9085066666666666,2.1343466666666666,2.1117066666666666,2.46836,2.41972,1.8273333333333335,2.202306666666667,0.8087333333333334,2.09148,2.1450266666666664,2.1197333333333335,1.42908,2.111266666666667
France,8.27027027027027,2.154186666666667,2.0623333333333336,1.71984,1.7655866666666666,2.9699866666666668,2.27792,2.3728266666666666,1.9235733333333334,1.4264000000000001,1.63784,2.24684,2.2207066666666666,2.4201333333333332,1.6959066666666667,2.055,1.9346133333333333,2.25896,0.7016933333333334,2.1464399999999997,2.14972,0.848,1.53696,1.8310133333333334
Gabon,-5.11864406779661,-0.03692000000000002,0.7302266666666667,0.21570666666666666,0.10326666666666669,0.16116000000000003,0.36768,1.3333333333328361e-5,0.14468,-0.49664,0.6691866666666667,0.15726666666666667,0.11078666666666666,0.8108666666666666,0.5436266666666667,-0.31382666666666664,1.2957333333333334,1.16288,-0.62992,-0.45344,-0.40025333333333335,1.2889733333333333,-1.0318933333333333,0.5688
Georgia,5.714285714285714,-0.2319,0.8251999999999999,1.4300333333333333,1.4554666666666667,0.523,-0.05593333333333335,0.6536,0.6387333333333334,1.4511666666666667,1.1852333333333334,1.3735,1.4165,1.2724,0.5415666666666666,1.7521,1.1322666666666668,1.3277333333333334,0.745,0.5918,1.288,1.7233,1.4240666666666666,1.5825333333333333
German Democratic Republic,-8.7,-1.2186626666666667,-0.3332653333333333,-0.9690173333333333,-0.8844746666666666,-1.0388453333333334,-1.1871426666666667,-0.8462973333333333,-1.1681466666666667,-0.7180266666666667,-0.12517733333333336,-1.6314266666666666,-1.4412466666666668,-2.0246826666666666,-1.6066493333333334,-1.4149653333333334,-1.4887773333333334,-1.4029586666666667,-1.871752,-1.3696253333333333,-1.4475186666666666,-0.44090114285714277,-0.2761531428571429,-0.9061311020408163
Germany,10,2.8361830985915493,2.586154929577465,2.7304647887323945,2.6168450704225354,3.138338028169014,3.4573380281690143,3.100098591549296,2.9138732394366196,2.580774647887324,2.2242816901408453,2.345887323943662,2.119718309859155,2.0820140845070423,1.9290281690140845,2.4477605633802817,1.8775915492957747,1.6826197183098592,1.751732394366197,2.0472535211267604,2.027507042253521,2.149845070422535,1.5969154929577465,2.4875211267605635
Ghana,-0.4915254237288136,1.00252,1.1724266666666667,0.8265333333333333,0.42678666666666665,0.6585733333333333,-0.7263333333333333,0.34835999999999995,0.4915066666666667,0.7217466666666666,1.4308666666666667,0.5279066666666666,0.14904,0.24942666666666669,1.5249733333333333,0.55152,1.3681733333333332,1.3988133333333332,-0.19114666666666666,1.0550533333333334,0.5668533333333333,1.26624,0.997,0.9453466666666667
Greece,6.405405405405405,1.4615866666666666,1.7221866666666668,1.37996,1.1753333333333333,1.0982266666666667,0.6912533333333334,1.7302933333333332,1.6416666666666666,1.4321599999999999,0.9408266666666667,1.5720533333333333,1.69396,1.3748666666666667,0.48456,1.07308,0.7929733333333333,1.1577733333333333,0.33877333333333337,1.5930933333333333,1.86648,1.4458933333333333,1.8125333333333333,1.8901466666666669
Guatemala,1.972972972972973,-0.7034933333333333,-0.9286,-0.20897333333333334,-0.33769333333333335,-0.13554666666666668,-1.41544,-1.80324,-2.0355866666666667,-1.75688,-2.2350133333333333,-0.82652,-1.12612,-0.7379066666666667,0.08429333333333333,-0.6259199999999999,-0.6729066666666667,-0.86232,2.1082666666666667,-0.3933466666666667,-0.6685333333333333,-0.8875546666666667,-0.9754186666666667,0.006218666666666645
Guinea,-4.770491803278689,-1.42792,-0.8908666666666667,0.5511199999999999,-0.33541333333333334,-0.5847733333333334,-0.53272,-1.4560266666666666,-1.3617066666666666,1.2404133333333334,0.35996,-0.9801066666666667,0.3634266666666667,-1.3508266666666666,1.0766666666666667,-0.2963733333333333,0.6955066666666667,0.7930266666666667,-0.8394533333333333,-1.08652,-0.9919866666666667,0.6140666666666666,-0.84816,-0.73508
Guinea-Bissau,-0.7555555555555555,-1.42896,-1.4573333333333334,-0.3686933333333333,-0.15245333333333333,-0.8934933333333334,-1.2239200000000001,-1.9166533333333333,-1.7234666666666667,-0.6876133333333333,-0.3711999999999999,-1.3974933333333335,-1.1580666666666666,-1.0341466666666668,0.14882666666666663,-1.2365733333333333,-0.63856,-0.6737466666666666,-1.2798533333333333,-1.2593466666666666,-0.5785866666666667,0.26827733333333337,-0.7461760000000001,-0.9772213333333334
Guyana,1.8113207547169812,0.7994,0.5559733333333333,1.2433866666666666,1.1483866666666667,0.020053333333333326,0.4682266666666667,1.0218666666666667,1.1095333333333333,0.3466133333333333,0.34508,0.8008933333333333,1.1218133333333333,0.10682666666666665,1.2648933333333332,1.2158933333333333,0.8209066666666667,1.26424,0.34714666666666666,1.35176,1.71896,0.8996693333333333,0.3083866666666667,0.449008
Haiti,-3.7972972972972974,-0.6986933333333333,-0.6574533333333333,-0.3684133333333333,0.7188,-0.9046933333333333,-1.6590933333333333,-1.28124,-0.9891066666666667,-1.3865066666666666,-1.1202933333333334,-1.1704933333333334,-0.28728,-0.7736266666666667,-0.38752,-0.34897333333333336,-0.1257066666666667,1.0241066666666667,0.9377333333333333,0.8981333333333333,0.73872,-0.60476,-0.405,-0.021426666666666667
Honduras,2.5,-0.7939066666666666,-0.6050933333333334,0.9179733333333333,0.76356,-1.1987333333333334,-0.5121333333333333,-0.5318933333333333,-1.1640666666666666,-0.81272,-0.9260933333333333,-0.6027066666666666,-0.5218266666666667,-0.6827333333333334,1.2092133333333333,0.542,0.5036266666666667,-0.6173733333333333,0.8183333333333334,1.48124,1.06784,0.80488,-0.5445466666666666,0.5704133333333333
Hungary,0.09589041095890412,0.3682666666666667,1.22132,0.41462666666666664,0.47752,0.68056,0.99452,0.12210666666666664,0.2723733333333333,2.2127333333333334,0.44911999999999996,0.3349066666666666,0.24770666666666663,-0.009533333333333349,-0.16501333333333326,-0.29795999999999995,-0.05308,0.11632000000000006,-1.1198933333333332,0.024559999999999943,0.5820266666666666,2.57496,1.7540933333333333,-0.18887999999999996
Iceland,9.423849123849124,2.274,2.609933333333333,2.2998,1.6859333333333333,1.9236666666666666,1.2585600000000001,2.3298533333333333,2.02924,2.42884,1.9937466666666668,1.8630533333333332,1.80356,1.9924666666666666,2.0821066666666668,1.6825066666666666,1.8819066666666666,1.76228,0.8794533333333333,2.1759733333333333,2.4271066666666665,1.893766442054958,1.4809582986857825,2.084098566308244
India,8.681159420289855,0.8024533333333334,1.12912,0.5880266666666667,0.5521733333333333,0.69568,0.27896,0.5638933333333334,0.6452133333333333,0.8678933333333333,0.5720133333333334,1.5492266666666668,1.2316933333333333,1.01836,0.8601466666666666,0.8842399999999999,0.9072266666666667,-0.02330666666666667,0.64744,0.83756,1.0859733333333332,0.5377466666666667,-0.33437333333333336,1.6635333333333333
Indonesia,-1.4189189189189189,-0.4194,-0.29901333333333335,0.78688,0.2648666666666667,-0.20650666666666667,-0.8228666666666666,-0.1204933333333333,0.39124000000000003,0.3536666666666667,0.17153333333333334,0.18492000000000003,-0.5220133333333332,-0.16145333333333334,-0.28097333333333335,-0.16185333333333332,-0.23116,-0.6747466666666667,0.47389333333333333,0.5853066666666666,0.6102799999999999,-0.4015573333333333,-0.7015493333333334,-0.619696
Iran,-5.864864864864865,-1.6964666666666666,-1.0600933333333333,1.1942,0.4549066666666666,0.03398666666666666,-0.20178666666666664,-0.5514533333333334,-0.7165866666666667,1.0227733333333333,-1.1246,-0.88696,-1.28316,-1.55612,-1.5669466666666667,-0.61388,1.2755333333333334,-1.3781866666666667,-0.897,0.65556,0.20128,-0.3490533333333333,-1.2275866666666666,-1.45856
Iraq,-5.268656716417911,-1.6040133333333333,-1.45424,1.2304266666666668,0.688,-0.57064,-0.7477066666666666,-1.10244,-0.8505066666666666,0.69892,-1.0613733333333333,-1.1851866666666666,-0.7961466666666667,-0.7371333333333334,-0.7123333333333334,-0.21112000000000003,0.22650666666666666,-0.7939200000000001,-0.6284666666666667,0.8092266666666666,0.8849333333333333,-0.7833333333333333,-0.088,-1.2031066666666668
Ireland,9.81081081081081,1.99724,2.083466666666667,1.9402,1.7036,2.2557466666666666,1.6975066666666667,2.6590000000000003,2.03784,1.92692,1.5544533333333332,2.09144,2.3753866666666665,1.4925199999999998,1.3397866666666667,1.9373200000000002,1.7592533333333333,1.91188,0.82292,1.9392,1.8308266666666666,0.8281466666666667,1.33744,1.6849333333333334
Israel,7.661971830985915,0.5140555555555556,1.8977222222222223,1.1238194444444445,1.0845,2.0356388888888888,1.2021111111111111,1.562652777777778,1.8408333333333333,1.866263888888889,0.22023611111111113,1.7044027777777777,1.3781944444444445,1.6404583333333334,1.4322222222222223,0.680236111111111,0.44990277777777776,0.526125,0.16990277777777776,1.48675,1.7029583333333334,1.6119573333333332,1.4047146666666666,1.845336
Italy,9.797297297297296,1.7826266666666666,2.215453333333333,1.4255733333333334,1.0745333333333333,1.7881466666666668,0.9291866666666667,2.209173333333333,2.136546666666667,2.337266666666667,2.15192,2.5898266666666667,1.8772266666666666,2.4964133333333334,1.6815066666666667,2.16992,1.6943599999999999,1.82128,0.8318133333333333,1.7423066666666667,1.3512,1.71048,1.2343733333333333,2.5580266666666667
Ivory Coast,-4.898305084745763,-0.17524,-0.39238666666666666,1.2683866666666668,1.1382933333333334,0.10594666666666668,-0.048800000000000024,-0.7750666666666667,-0.5693199999999999,-0.3330933333333333,0.76944,-0.09546666666666664,-0.09165333333333332,1.0177066666666668,1.1393066666666667,0.8078,0.31952,0.7165066666666666,0.111,-0.8388933333333334,-1.0871066666666667,-0.17198666666666668,-1.3569466666666667,-0.056560000000000006
Jamaica,9.566666666666666,1.25232,1.1756533333333334,1.3205066666666667,1.2367733333333333,0.49178666666666665,0.60144,0.2697733333333333,0.37390666666666666,0.16673333333333337,0.03653333333333336,1.3129466666666667,1.4772133333333333,1.8884533333333333,1.00924,1.67472,1.4039733333333333,1.9528133333333333,0.13085333333333335,1.0724666666666667,1.2597733333333332,2.024573333333333,0.89456,2.0918666666666668
Japan,10,2.464706666666667,2.657986666666667,1.8461599999999998,1.6937866666666666,2.6635066666666667,2.303946666666667,2.6762133333333336,2.6352800000000003,2.934413333333333,2.14716,2.37736,1.8812133333333334,2.4163333333333332,2.0192266666666665,1.1542933333333334,1.8331466666666667,1.9793466666666668,1.8079466666666666,1.85092,2.3012533333333334,1.07312,1.3510266666666666,1.5322533333333335
Jordan,-5.958904109589041,0.47656,1.2671733333333333,0.5204266666666667,0.27768,1.27084,-0.23942666666666668,0.59312,0.21703999999999998,0.78316,0.49773333333333336,-0.47888,-0.3263066666666667,0.6064133333333334,0.4721333333333333,0.5695066666666667,1.1990133333333333,-0.9315333333333333,0.4394133333333333,0.89476,0.6875333333333333,-0.22910666666666665,0.38926666666666665,-0.12163999999999997
Kazakhstan,-5.071428571428571,-0.23903333333333332,0.9753000000000001,0.9540333333333334,0.9206666666666666,-0.0085,-0.9040333333333334,1.1615333333333333,0.9831666666666667,0.5466,1.3884,0.6251666666666666,0.49626666666666663,-1.666666666666701e-4,-0.4708,0.27809999999999996,1.1659,1.4890333333333332,0.2717333333333333,1.1607,1.5369333333333333,2.0863,0.47040000000000004,-0.1351
Kenya,-0.8214285714285714,-1.1785866666666667,-1.2225466666666667,0.06886666666666665,-0.023280000000000026,-0.5215866666666666,-0.9298266666666667,-1.3324266666666666,-0.8345733333333333,0.21489333333333333,-0.5684266666666666,-0.29524,-0.32222666666666666,-0.34204,0.5408533333333333,-0.7626266666666667,-0.8158533333333333,-0.5101866666666667,-0.4479066666666666,-0.5090266666666666,-0.9529333333333333,-0.10416000000000004,-0.4708,0.0057733333333333265
Kosovo,8,1.3222857142857143,1.3182857142857143,0.6842380952380952,0.7027142857142857,-0.06842857142857142,-0.48757142857142854,-0.2637142857142857,0.033523809523809504,1.026047619047619,0.6352380952380953,1.2541904761904763,1.1628571428571428,1.1077619047619047,1.0881904761904762,0.6186190476190476,-0.3338095238095238,0.06057142857142858,0.18014285714285713,0.3772380952380952,0.26285714285714284,-0.2288095238095238,0.21847619047619046,1.2972857142857144
Kuwait,-7.963636363636364,0.39294666666666667,1.87168,-0.875,-1.0394666666666668,1.3782533333333333,-0.30456,1.4036133333333334,0.9091333333333333,1.0950133333333334,-1.0165466666666667,-0.53812,-0.7431066666666667,-0.03577333333333334,-0.5481199999999999,1.3210133333333334,0.85688,-0.7333333333333333,-0.46358666666666665,0.7571333333333333,1.0714133333333333,-0.006838476190476167,-0.27796647619047615,-0.35625110204081634
Kyrgyzstan,1.2142857142857142,-0.49933333333333335,0.8338333333333333,1.0611333333333333,1.0615333333333332,-0.1366,-0.6950333333333334,0.2717333333333333,0.8273,1.0781333333333334,1.0217,0.4819,0.3540333333333333,0.425,0.15416666666666665,1.0306333333333333,1.2043666666666666,0.6158,-0.2605,1.3404333333333334,0.9426,1.0896253333333332,0.29671200000000003,0.551964
Laos,-4.430769230769231,-0.96112,-1.6238,-0.9396133333333333,-1.2102933333333334,-1.0530133333333334,-1.5856933333333334,-1.00516,-0.8035866666666667,-0.8825733333333333,-0.90244,-1.8131333333333333,-1.47016,-1.58368,-0.7314933333333333,-1.1433333333333333,-1.0273733333333332,-0.9191199999999999,-0.5659066666666667,-0.8725733333333333,-0.82508,-0.704368,-0.6383146666666667,-0.8110373333333334
Latvia,8,2.3005333333333335,2.1540666666666666,2.1609666666666665,2.3850333333333333,1.5381333333333334,1.5511333333333335,2.0692999999999997,1.9989666666666666,1.9029333333333334,1.6987666666666668,2.528433333333333,2.492566666666667,2.2999666666666667,1.9264,1.7607,1.8640666666666665,2.1904,1.3485,1.5568,1.8684666666666667,2.4084,0.7688333333333334,1.7200333333333333
Lebanon,2.694915254237288,0.14086666666666667,0.4720933333333333,1.52244,0.6497866666666666,-0.2518933333333333,-0.76788,0.6967733333333334,-0.42212,1.2024666666666668,0.9407466666666667,0.3308,0.3624133333333333,0.6077466666666667,1.1408266666666667,1.32432,0.5952266666666667,-0.045026666666666666,1.1182133333333333,1.1132533333333332,0.9161333333333334,-0.37573333333333336,0.013480000000000015,0.6502133333333333
Lesotho,1.0754716981132075,-0.09376000000000001,-0.1719066666666667,1.3127866666666665,1.3998933333333334,0.5802133333333334,-0.7995066666666666,0.59556,-0.04242666666666669,1.1389466666666668,0.8288,0.22286666666666666,0.008626666666666677,0.1978933333333333,1.4012266666666666,-0.29329333333333335,-0.05730666666666669,-0.013866666666666676,0.0922,1.2647333333333333,-1.08256,0.4886266666666667,0.035679999999999996,0.8812
Liberia,-2.5135135135135136,-0.86456,-0.5084266666666667,-0.13041333333333335,-0.10613333333333337,-0.4345466666666667,-1.4214133333333334,-0.59416,-0.6162933333333334,0.33197333333333334,0.23736000000000002,-0.59504,-0.7166533333333334,-0.37148,1.32448,6.666666666666703e-4,0.7796,0.87912,0.8234533333333333,0.30504,0.11097333333333334,0.25301599999999996,-1.1282813333333332,-0.5766413333333333
Libya,-6.176470588235294,-1.2430724637681159,-0.9500289855072463,-0.46792753623188404,-0.18231884057971015,-1.0511304347826087,-1.4966666666666666,-0.5350144927536231,-0.928927536231884,0.6388115942028986,-0.23681159420289855,-1.6144202898550724,-1.6636521739130434,-1.2494492753623188,-1.4750724637681158,-0.9455942028985507,-0.20421739130434782,-1.1781014492753623,-1.3301159420289854,-0.38036231884057975,0.2532463768115942,-0.21921739130434784,0.940536231884058,-0.7769855072463768
Lithuania,10,2.0453666666666668,2.3837333333333333,1.7941333333333334,1.4134333333333333,1.6526333333333334,1.183,2.0979,2.0693,2.0055,2.0317333333333334,1.9145666666666665,1.8775333333333333,2.2222666666666666,2.108,1.6282666666666668,1.8335000000000001,2.1044666666666667,1.6296666666666666,1.6434333333333333,2.2633666666666667,2.102533333333333,1.5894,2.9949333333333334
Luxembourg,10,2.50712,1.7218266666666666,1.8244266666666669,2.1173066666666664,2.6491333333333333,2.7982533333333333,2.8348666666666666,2.8567733333333334,2.176,2.7998266666666667,2.4901866666666668,1.5972,2.654186666666667,1.433,2.0630933333333337,1.6879333333333333,1.9307733333333332,1.7196266666666666,1.7872133333333333,2.21608,1.6002266666666667,2.09696,2.5832
Madagascar,0.9152542372881356,-0.022106666666666667,0.7585333333333333,-0.43879999999999997,0.4352533333333333,-0.5190133333333333,-0.25112,-0.8596533333333333,-0.608,-0.6066533333333334,0.3405066666666666,-0.18324000000000001,-0.55792,0.15109333333333333,-0.04525333333333333,-0.11492000000000001,-0.15346666666666667,-0.057626666666666666,0.26596000000000003,1.4265733333333332,1.55988,0.07142666666666667,-0.17014666666666667,-0.11225333333333332
Malawi,-2.2545454545454544,-1.3590933333333333,-1.5662933333333333,-0.3519733333333333,-0.014400000000000015,-0.23604,-1.2557333333333334,0.01969333333333332,-0.5188933333333333,0.15970666666666664,0.2123866666666667,-1.3017733333333332,-1.2423333333333333,-1.27636,-0.24436,0.02092000000000001,0.10457333333333334,-0.11499999999999996,-0.5824933333333333,-0.85796,-1.45816,-0.3140221449275363,-0.7624874202898551,-0.8485491014492754
Malaysia,5.161290322580645,0.5016,1.0004533333333334,0.4604933333333333,0.26130666666666663,0.11918666666666666,-0.006840000000000011,0.37066666666666664,0.49506666666666665,0.45299999999999996,-0.16224,-0.27112000000000003,0.18574666666666667,-0.83748,-0.5294533333333333,1.0611733333333333,1.11488,1.2301066666666667,0.04428000000000001,0.7576266666666667,0.8826133333333334,0.4562853333333333,-0.045184000000000016,0.17711733333333335
Maldives,-1.784791934791935,-0.9442666666666667,1.0836,1.1856799999999998,1.4467466666666666,-1.6545733333333332,-1.09056,-0.9141199999999999,-0.7504133333333334,1.1067066666666665,1.3746533333333333,-1.0058533333333333,-1.2032666666666667,-1.58428,-2.4281066666666664,1.3781066666666666,1.1736,-0.9556933333333333,-0.56616,0.7398133333333333,1.0008266666666668,1.0489466666666667,1.3830533333333332,0.7283466666666666
Mali,-0.8813559322033898,-0.4053866666666667,-0.32986666666666664,0.007480000000000012,-0.012106666666666656,-0.51784,-0.31890666666666667,-0.1323466666666667,0.026359999999999967,1.4922666666666666,1.33808,-0.28145333333333333,-0.19857333333333332,1.60792,-0.2682,0.73436,1.1550799999999999,0.5908533333333333,0.09830666666666665,0.83552,0.6233466666666666,0.3657045405405405,-0.15304097297297298,0.17790277477477476
Malta,7.400838084640902,2.172,2.18724,1.4978266666666666,1.6589066666666665,1.1523733333333332,0.8896133333333333,1.7096266666666666,1.8003600000000002,1.3281066666666665,-0.8672666666666666,1.8608933333333333,1.8622666666666667,1.0617333333333334,1.9288666666666667,1.9294,0.515,0.39492000000000005,-0.5861866666666666,1.6756933333333335,1.2463866666666665,1.2980297011494253,1.2297264367816092,1.4523330574712645
Mauritania,-5.491525423728813,-0.13489333333333334,0.16986666666666667,-1.5602933333333333,-1.5234933333333334,-0.47028,0.47884,0.07961333333333331,0.09178666666666663,0.6018266666666666,-0.15249333333333334,-0.41057333333333335,-0.24772,0.88916,-1.8626800000000001,0.9623066666666666,0.7276133333333333,0.71924,-0.24488000000000001,-0.22081333333333333,-0.4611866666666667,-1.1102133333333333,-2.5020666666666664,-1.6506533333333333
Mauritius,9.72549019607843,1.5623866666666668,1.96764,1.7634266666666667,1.4432533333333333,1.4776,1.4680933333333333,1.3057733333333332,1.24872,1.0976666666666666,1.27196,1.3812533333333334,1.2724133333333332,0.81472,1.4955466666666668,1.7430133333333333,1.3745866666666666,0.6380533333333334,1.88424,1.23832,1.3879866666666667,0.19278666666666663,0.86952,1.28712
Mexico,-0.581081081081081,-0.5106,0.12434666666666666,0.41658666666666666,-0.006226666666666668,-0.03500000000000001,-0.5160133333333333,-0.37621333333333334,-0.43406666666666666,0.13305333333333333,-0.7639333333333334,0.7411333333333333,0.20625333333333334,1.2801733333333334,0.4096933333333333,2.0494133333333333,0.93888,0.8430133333333333,0.10926666666666665,1.0362266666666666,1.27848,-0.014146666666666653,-0.6865466666666666,-0.21555999999999997
Moldova,8,0.9571000000000001,1.1268666666666667,1.0447666666666666,1.0719333333333334,0.06076666666666667,0.06573333333333332,1.0598,1.0532666666666666,0.9014,1.2634333333333334,1.0761,1.1172666666666666,0.8072333333333334,0.6503,1.3384666666666667,1.3214666666666666,1.5803666666666667,0.29806666666666665,1.4989999999999999,1.9051666666666667,1.5843324012539184,1.3336125977011495,1.124481579937304
Mongolia,-0.7972972972972973,0.24281333333333335,0.21161333333333335,0.32316000000000006,-0.003306666666666651,-0.63132,0.58912,-0.026506666666666637,-0.22804000000000002,1.1855466666666667,0.6159066666666667,0.12117333333333333,0.29438666666666663,-0.16351999999999997,-0.7912133333333334,-0.3424400000000001,-0.6930266666666668,-0.6229600000000001,-1.9092799999999999,-0.3963066666666667,-0.04133333333333331,1.58356,0.57176,-0.03298666666666667
Montenegro,9,1.092,1.4235454545454547,2.1660454545454546,1.7122272727272727,0.3760909090909091,0.05359090909090909,1.0885454545454545,1.2706818181818182,1.2592272727272726,1.618,0.8329090909090909,1.1955909090909091,0.2668181818181818,1.1027272727272728,1.9573636363636364,1.5729545454545455,1.369,0.8695454545454545,1.9512272727272728,1.303909090909091,0.47554545454545455,0.73,0.4727727272727273
Morocco,-6.650793650793651,-0.6414,0.10525333333333332,1.04968,0.8330666666666666,-0.7207466666666666,-0.9920533333333333,0.865,0.7350933333333334,0.6902133333333333,0.9252266666666666,-0.5540933333333333,-0.6649866666666667,-0.47047999999999995,-1.9356533333333334,0.42865333333333333,1.2305599999999999,-1.0077866666666666,-0.23953333333333332,1.5127733333333333,0.8635066666666666,-0.33492,-0.18048,1.2072133333333332
Mozambique,-0.36363636363636365,-1.1684400000000001,-0.4019466666666667,-0.5643866666666666,-0.5359200000000001,0.31117333333333336,-0.5772799999999999,-1.1465733333333334,0.13390666666666665,0.3681333333333333,0.04918666666666665,-0.4605066666666667,-0.8144933333333333,0.2746533333333333,-0.43744,-1.1484266666666667,-1.1052666666666668,-0.9947466666666667,-0.3270666666666666,-1.2490666666666668,-0.8031999999999999,-0.5023333333333333,-1.1564133333333333,-0.6609466666666667
Namibia,6,-0.37564,0.19337333333333337,-1.1795866666666668,-0.2957733333333334,0.342,0.73316,0.08377333333333335,0.19317333333333334,-1.0658933333333334,-1.2679733333333332,-0.3436133333333333,-0.28290666666666675,-0.38076,0.71012,-0.08580000000000002,-0.35353333333333337,-0.04707999999999996,1.19172,-0.06173333333333334,-0.10191999999999998,-0.83144,-1.4569999999999999,-0.12662666666666672
Nepal,-2.189189189189189,-0.33837333333333336,-0.2651466666666667,-0.47716000000000003,-0.8367733333333334,-0.58928,-0.62792,-0.23077333333333336,-0.7225866666666667,0.4026666666666667,-0.3212666666666667,-0.09718666666666664,-0.13326666666666667,0.51904,0.26239999999999997,0.16725333333333334,-0.111,-0.45557333333333333,-0.8005466666666666,0.94928,-1.0217866666666666,-1.3592533333333334,-1.8398933333333334,-1.34212
Netherlands,10,2.9271733333333336,2.193706666666667,2.1203333333333334,1.63472,2.9430666666666667,2.3346,2.3520266666666667,2.3274666666666666,2.12172,2.1721066666666666,2.2492133333333335,2.1474800000000003,1.9704933333333334,2.151146666666667,2.296386666666667,1.61892,1.7403466666666667,1.3572933333333332,2.0748,1.9698,1.55464,1.41456,2.4292533333333335
New Zealand,10,2.9904933333333332,2.7287066666666666,1.71816,1.9408266666666665,2.578186666666667,2.9222,2.298773333333333,2.2899066666666665,2.4059333333333335,1.6712,2.3946133333333335,2.4443866666666665,2.238173333333333,2.1312,2.0027333333333335,2.0141466666666665,2.1096133333333333,0.60976,1.981,2.3289466666666665,2.0161098494623655,1.4134954838709677,2.1778350107526885
Nicaragua,-0.918918918918919,-0.58444,-0.8973066666666666,0.54044,0.10682666666666667,-0.9477866666666667,-1.4673733333333334,-0.9275333333333334,-0.5984933333333333,-0.9680666666666667,-0.86284,-1.1854533333333335,-0.7465066666666667,-0.41001333333333334,0.718,0.7075600000000001,-0.5190266666666666,0.09586666666666666,0.31108,0.17006666666666667,0.3919066666666667,0.06893333333333333,-1.3580666666666665,-1.5171999999999999
Niger,-1.728813559322034,-0.02470666666666667,0.13768,-0.75712,-0.8334,1.3882666666666668,1.0397333333333334,0.45404,0.44405333333333336,1.24252,0.7894133333333333,-0.56516,-0.24492,1.1160266666666667,-0.16785333333333333,-0.62204,0.23370666666666667,1.10804,-0.48588,-0.3215733333333334,-0.10211999999999999,0.8222965405405406,-0.2820943063063063,-0.2978358918918919
Nigeria,0.01694915254237288,-0.8404266666666667,-1.09476,0.794,0.5243733333333334,-0.6008666666666667,-1.54432,0.81032,-0.0013466666666666666,-0.21511999999999998,0.5594933333333333,-0.2174,-0.027346666666666672,1.22712,1.4344933333333332,0.9379466666666666,1.42828,1.1216533333333334,-0.39753333333333335,1.1589466666666666,-0.025466666666666676,0.3729435102040816,-0.3895010612244898,-0.11535907482993198
North Korea,-8.985915492957746,-2.2226666666666666,-2.46616,-2.18756,-1.9929866666666667,-1.4123066666666666,-1.5579733333333334,-2.3213866666666667,-2.95508,-1.4425066666666666,-1.1453066666666667,-2.8827333333333334,-2.8089466666666665,-2.7971466666666664,-3.0082400000000002,-3.548093333333333,-4.222653333333334,-4.240986666666666,-3.509066666666667,-3.4143066666666666,-2.83108,0.8678800000000001,1.5534,-2.1847333333333334
North Macedonia,7.821428571428571,0.7621034482758621,1.4004827586206896,1.3796206896551724,1.2177241379310344,0.9780344827586207,0.3600344827586207,0.7280689655172414,0.7466896551724138,1.3622068965517242,1.014896551724138,1.1820344827586207,0.843103448275862,0.5882413793103448,0.3050689655172414,1.4543103448275863,1.3699310344827587,1.2459655172413793,1.0206206896551724,1.8105172413793102,1.5660344827586208,1.444896551724138,1.1946896551724138,1.117655172413793
Norway,10,2.73828,2.26944,2.3525733333333334,2.4159200000000003,3.09684,2.809,2.65596,2.69116,2.52864,1.9445333333333334,1.9709333333333334,2.1358800000000002,2.7523866666666668,1.7379066666666667,2.107946666666667,2.0075333333333334,1.5222933333333333,0.6948,2.082933333333333,2.4716133333333334,2.1357733333333333,1.3918,2.42096
Oman,-8.743243243243244,0.4430266666666667,0.21594666666666668,-1.3896533333333334,-1.24572,-0.7149733333333333,-0.15826666666666667,0.16538666666666668,0.4234,-0.22165333333333334,-0.25208,-1.32128,-1.5321200000000001,-1.7350533333333333,-0.47070666666666666,-0.4384,-0.5286133333333334,-1.0306666666666666,-0.9593866666666667,-0.18774666666666665,-0.40681333333333336,-1.8632,-1.7796666666666667,-0.055146666666666656
Pakistan,1.5277777777777777,-1.0411917808219178,-0.559013698630137,-1.2316712328767123,-1.1591369863013699,-0.6211095890410959,-0.6612876712328767,-0.30212328767123287,-0.8385890410958904,-0.8218082191780822,-0.4217123287671233,0.5415890410958903,0.09032876712328766,0.09899999999999999,0.04212328767123289,0.33745205479452056,1.163986301369863,-1.6940958904109589,-0.15908219178082192,1.5788630136986301,0.5192054794520549,1.085027397260274,0.7836712328767124,1.2953287671232876
Panama,2.175675675675676,0.38278666666666666,0.7406666666666666,1.4477466666666667,1.5986266666666666,0.37009333333333333,-0.29034666666666664,-0.03814666666666667,0.011773333333333334,0.6207199999999999,0.13152,0.6712533333333334,0.8615733333333333,0.7930133333333332,0.7852266666666666,0.7078533333333333,1.0482666666666667,1.3845866666666666,0.91504,1.1270666666666667,1.0990666666666666,1.2150666666666667,0.1781466666666667,0.6698133333333334
Papua New Guinea,4.159090909090909,0.4316933333333333,0.96408,0.36526666666666663,-0.01913333333333335,0.2801333333333333,0.019226666666666687,0.2626266666666667,-0.3106133333333333,0.05389333333333333,0.87684,0.7293866666666667,-0.4438,0.6243333333333333,0.7541333333333334,0.9347066666666667,0.5658799999999999,-0.05721333333333327,1.1087866666666666,0.8120133333333334,-0.14599999999999996,0.036045333333333325,-0.28320266666666666,0.5073333333333333
Paraguay,-1.7567567567567568,-0.08666666666666667,-0.8012533333333333,0.73824,1.2604133333333334,-1.0873466666666667,-1.5007866666666665,-0.9370133333333334,-0.96184,-1.3485866666666666,-1.5274666666666668,-0.30404,-0.26926666666666665,-0.6709999999999999,0.7761066666666667,0.41359999999999997,0.20525333333333334,0.7219733333333332,1.07772,-0.1704,0.05265333333333331,0.52428,-1.39192,-0.9721866666666666
Peru,2.9594594594594597,-0.22573333333333337,0.75112,0.8254133333333333,0.15739999999999998,-0.45366666666666666,0.22996000000000003,-0.4458533333333333,-0.27692,-0.30648,-1.1026799999999999,0.9276266666666667,-0.0043866666666666655,0.8694666666666667,1.2527866666666667,0.514,1.0799333333333334,0.9335066666666667,0.9488800000000001,-0.14395999999999998,0.8855999999999999,-0.7702,-1.4586933333333332,-0.05807999999999998
Philippines,3.4324324324324325,-0.60912,-0.5041333333333333,0.8124266666666666,0.4802133333333333,-0.36130666666666666,-0.7024,-0.18566666666666667,0.2049333333333333,-0.19998666666666665,-0.46510666666666667,0.6599466666666667,0.48242666666666667,0.5957466666666666,1.1597066666666667,0.21658666666666665,0.29033333333333333,0.4862,0.6873733333333333,0.99096,1.2990933333333332,-0.21213648979591837,-0.9548503945578231,-0.13545507482993197
Poland,-0.33783783783783783,0.9837866666666667,1.4264266666666667,1.3669466666666668,1.4022133333333333,0.9094533333333333,0.85612,-0.029346666666666587,0.2894533333333334,1.4253466666666665,1.9978666666666667,0.31084,0.26585333333333333,0.14759999999999998,0.4808,0.08806666666666663,1.2795466666666666,1.42604,-0.04525333333333332,0.82528,1.39532,0.33543466666666666,0.08850400000000001,0.04706133333333334
Portugal,2.2027027027027026,1.4752933333333333,1.50448,1.6938666666666666,1.816,1.14656,1.4618933333333335,0.9492933333333333,0.9104533333333332,1.0183733333333334,1.1229733333333334,1.0760666666666667,0.7988533333333333,1.2789866666666667,1.83012,1.1981733333333333,1.2278,1.0789733333333333,1.0126266666666666,1.39072,1.2583333333333333,1.02312,2.3554533333333336,1.2301600000000001
Qatar,-10,0.7169066666666667,1.21552,-1.4815733333333334,-1.6153333333333333,-0.7613066666666667,-0.22558666666666666,0.42176,0.002053333333333329,-1.8128,-1.5694133333333333,-1.2004666666666666,-1.4373466666666666,-1.2026266666666667,-1.3184,-0.07737333333333334,-0.7746000000000001,-2.2633733333333335,-1.2908933333333332,-0.5079466666666667,-0.58716,-2.0428,-0.24969333333333332,-1.1525066666666668
Republic of the Congo,-4.559322033898305,-1.0453733333333333,-1.1300266666666667,-1.2021066666666667,-1.6625866666666667,-1.0323866666666666,-1.0489333333333333,-0.96036,-1.0398533333333333,-0.9657333333333333,-0.8676666666666667,-0.9961733333333334,-1.04064,-0.4880666666666667,-0.19516,-0.6428666666666667,-1.1377333333333333,-0.7167866666666667,-1.1111333333333333,-0.9703066666666667,-0.35772,0.5554,-0.31561333333333336,-1.1430133333333332
Republic of Vietnam,-3,-0.47861290322580646,-0.7032903225806452,-0.42951612903225805,-0.682,0.06564516129032258,0.2982903225806452,-0.11270967741935484,0.18170967741935487,-0.42332258064516126,-0.23996774193548387,-0.4856774193548387,-0.4574838709677419,0.04148387096774193,0.307258064516129,-1.480483870967742,-1.945483870967742,-1.868290322580645,0.8229354838709678,-0.5388709677419354,-0.40541935483870967,-0.5257200000000001,-1.1510373333333332,-0.16187466666666667
Romania,-1.2567567567567568,0.10617333333333331,0.6365066666666667,-0.4972133333333333,-0.43828,-0.9272933333333334,-0.9809866666666667,-0.18145333333333333,-0.2528533333333334,1.5697866666666667,-0.34290666666666664,0.13760000000000003,-0.03320000000000001,-0.7868266666666667,-0.26683999999999997,-1.3331333333333333,0.1784933333333333,0.6014133333333334,-1.5948933333333335,-0.01326666666666668,0.2534,1.5366533333333334,0.6436933333333333,0.023586666666666666
Russia,-2.8513513513513513,-0.56132,-0.4326933333333333,-0.1544,-0.05474666666666666,-0.8295733333333333,-1.21024,-1.21528,-1.1340666666666666,0.92436,-0.30045333333333335,-0.6979733333333333,-0.7797866666666666,-0.7157733333333334,-1.1453333333333333,-1.17064,-0.9183733333333334,-0.45674666666666663,-2.556426666666667,-1.01184,-0.5074133333333333,1.0943066666666668,-0.052786666666666655,-1.2659333333333334
Rwanda,-5.275862068965517,0.0017600000000000044,-1.3015066666666666,0.16245333333333334,0.7139866666666667,0.32885333333333333,-0.11761333333333333,0.23995999999999998,0.9174933333333334,0.7046266666666666,-0.3141733333333333,-0.9377733333333333,-1.09208,-0.7590666666666667,0.9428799999999999,-0.20285333333333333,-0.19209333333333334,0.8646533333333334,-0.7499333333333333,-0.5658133333333334,-0.37267999999999996,0.27292,-0.4585333333333333,-0.25306666666666666
Sao Tome and Principe,-0.5891088933621025,1.0062666666666666,0.9814933333333333,0.5638933333333334,0.6232933333333333,0.4540666666666667,0.8259733333333333,0.12698666666666666,0.33997333333333335,0.050026666666666685,0.6890133333333334,-0.23252,-0.08696000000000001,0.3054,0.7048,0.1202,0.69404,0.6821733333333333,-0.08153333333333335,-0.19169333333333335,0.7079466666666667,-0.1908933333333334,-0.8492533333333333,-0.14227999999999996
Saudi Arabia,-10,-1.27836,-0.77804,-0.8430533333333333,-1.5188933333333334,-1.0094266666666667,0.038040000000000004,-0.6725733333333334,-1.61936,0.07292,-1.7155333333333334,-1.16892,-1.7456266666666667,-1.5312000000000001,-3.3406933333333333,-1.13872,0.47468,-3.2833733333333335,-1.29072,0.05645333333333333,-1.7932933333333332,-2.801546666666667,-1.06152,0.87584
Senegal,0.13559322033898305,0.39476,0.86336,0.6393333333333333,1.0222666666666667,1.426653333333333,0.6470533333333333,0.7084266666666666,0.53928,0.6010933333333334,1.4591066666666668,0.54012,0.7451066666666667,1.8006133333333334,0.4964533333333333,1.21616,1.6300533333333334,1.2911066666666666,-0.6348133333333333,0.93364,0.88492,1.010808,0.25172533333333336,0.477584
Seychelles,0.23898157495468997,1.5683466666666668,0.99384,0.8236133333333333,0.94496,1.3924400000000001,0.4505866666666667,0.62848,0.5912266666666667,0.88552,0.9563200000000001,-0.3787466666666667,-0.30502666666666667,-0.47473333333333334,1.30412,0.61172,0.92348,1.2920933333333333,-0.8907466666666667,-0.7538,-0.17110666666666666,1.2643866666666665,0.45052,0.43334666666666666
Sierra Leone,-0.3448275862068966,-0.7196533333333334,-0.13779999999999998,0.30162666666666665,-0.45457333333333333,-0.5123866666666667,-0.65144,-0.8336533333333334,-1.16012,-1.2516666666666667,-0.5073866666666667,-0.0392,-0.46645333333333333,0.7515333333333333,1.54952,-0.0412,-0.22038666666666668,-0.7334533333333334,-0.023080000000000003,-0.7101333333333333,-1.00448,-0.44780000000000003,-1.2214933333333333,-0.6330479999999999
Singapore,-1.3793103448275863,1.49064,1.8465733333333334,-0.7063066666666667,0.0533733333333333,1.9446666666666665,1.7981999999999998,0.86384,0.7422399999999999,1.3002266666666666,0.16178666666666666,-0.42512,-0.3797466666666667,-0.9247866666666666,1.2445466666666667,0.7532133333333333,1.0406533333333334,1.1212666666666666,-0.6217333333333332,0.8070933333333333,0.85656,1.6652666666666667,1.513,0.10090666666666666
Slovakia,9.115384615384615,2.235740740740741,2.207925925925926,1.7889259259259258,1.5102962962962962,1.3906296296296297,1.093962962962963,2.007814814814815,2.0774074074074074,1.5076666666666667,1.1450740740740741,2.0660000000000003,2.0302962962962963,2.0658148148148148,1.5557037037037038,1.9493333333333334,1.759,1.975,1.2584814814814815,1.8331481481481482,2.222259259259259,1.5216296296296297,1.3367407407407408,2.033777777777778
Slovenia,10,2.1313225806451612,2.4805806451612904,1.8905483870967743,1.8524516129032258,2.1176451612903224,1.858032258064516,2.401258064516129,2.4873548387096776,1.9883225806451612,1.5777096774193549,2.121709677419355,2.1677419354838707,2.008709677419355,1.2500967741935485,2.183193548387097,1.8128709677419355,1.8254516129032257,0.7186774193548386,1.9577419354838708,2.2371612903225806,2.337322580645161,1.3106774193548387,1.6335483870967742
Solomon Islands,7.1,1.5439866666666666,1.4979333333333333,0.9049866666666666,0.7535066666666667,0.77544,0.6209066666666666,0.8944533333333333,0.30606666666666665,0.45844,1.6162533333333333,0.9232666666666667,0.27,0.63032,0.8097066666666667,0.8441333333333333,0.44077333333333335,-0.3677066666666666,0.9472666666666666,0.20129333333333332,0.4468933333333333,0.21675276190476192,-0.12986742857142858,0.9066598095238095
Somalia,-0.9655172413793104,-1.0412666666666668,-1.4234666666666667,-1.3790133333333332,-0.3281866666666667,-1.7850666666666668,-1.33836,-1.1109066666666665,-1.4551066666666668,-1.5439733333333334,-1.8781866666666667,-0.6543466666666666,-1.24796,-1.5070933333333334,-1.72432,-1.2759466666666666,0.16221333333333335,-0.97032,-0.13926666666666668,-0.5191466666666666,-0.9736266666666666,-2.00808,-0.65816,-0.013693333333333349
South Africa,5.797297297297297,-0.35486666666666666,-1.0770933333333332,-0.3907333333333333,-0.41117333333333334,0.15037333333333333,-0.14808,0.11654666666666666,-0.025253333333333343,-0.6023733333333333,-0.8804799999999999,-0.018519999999999946,-0.72472,-0.18113333333333337,0.19657333333333332,-0.28028,-0.5814666666666667,-0.5385733333333333,1.2891466666666667,-0.6300266666666667,-0.3996,-0.31988,-1.4434933333333333,0.10527999999999994
South Korea,1.4507042253521127,0.48003999999999997,0.94672,1.3574933333333332,1.7607866666666667,1.20468,0.6181733333333334,1.1240533333333333,1.3473866666666665,1.2056266666666666,1.2931066666666666,0.5790266666666666,0.7924,0.09284,1.6870133333333335,0.07292000000000003,0.4272266666666667,1.2258,1.01204,1.2167733333333333,2.234306666666667,0.50468,1.2797333333333334,-0.19699999999999998
South Sudan,0,-0.7444444444444445,-1.3275555555555556,-0.7166666666666667,-1.177,-1.516888888888889,-1.9867777777777778,-1.2424444444444445,-1.298888888888889,-2.1706666666666665,-2.0402222222222224,-1.6585555555555556,-1.193111111111111,-1.577,-0.5753333333333333,-0.6955555555555556,-1.8977777777777778,-1.3155555555555556,-1.4376666666666666,-1.165888888888889,-1.808888888888889,-1.02192,-0.8633200000000001,-1.078464
South Yemen,-6.916666666666667,-0.5064130434782609,-0.8878260869565218,0.6331521739130435,1.035413043478261,0.34939130434782606,1.707695652173913,1.0014782608695652,0.5790217391304348,1.9809782608695652,0.16697826086956521,-1.826717391304348,-1.2241739130434783,-1.4686086956521738,-1.0125000000000002,-0.27791304347826085,0.11954347826086957,0.7983913043478261,-1.1585434782608697,-1.0516304347826086,-1.230608695652174,0.2815586666666667,-0.670672,-0.5787506666666666
Spain,2.689189189189189,0.24386666666666668,0.89944,1.1627466666666666,1.3592266666666668,1.6430533333333333,1.6830800000000001,1.41188,0.6309466666666667,1.69784,1.0313333333333334,0.1472133333333334,0.3562266666666667,0.5468,0.04539999999999998,0.82848,1.3382,1.2100533333333332,0.93224,2.100493333333333,1.1802933333333334,-0.3262933333333333,2.1399466666666664,0.009839999999999993
Sri Lanka,6,0.8227066666666667,0.4471466666666667,1.4610533333333333,1.5773066666666666,0.3788666666666667,0.3533866666666667,0.47568,0.5838666666666666,0.6568933333333333,-0.22972,0.67588,0.94436,0.4858,0.6698666666666666,0.9106666666666667,0.8762133333333333,0.5202666666666667,-0.25808,1.09692,0.9437066666666667,1.3354533333333334,0.20536000000000001,0.44021333333333335
Sudan,-3.75,-0.6890133333333334,-1.07068,-1.6697733333333333,-1.6426933333333333,-1.1078933333333334,-0.8760666666666667,-0.70304,-1.3209199999999999,-1.0443466666666665,-1.9877066666666667,-1.3857866666666667,-1.1819066666666667,-1.1966266666666667,-1.0489733333333333,-1.0187066666666666,-1.26836,-1.2490533333333333,-0.8144533333333334,-1.1403733333333332,-0.9855866666666666,-1.3858906666666666,-1.0809706666666667,-0.5090186666666666
Suriname,3,1.3466666666666667,0.9711866666666666,0.9684133333333333,0.79472,1.1937866666666668,-0.35841333333333336,0.7684266666666667,1.3317466666666666,0.9452,0.7276266666666666,1.3207866666666668,1.4618666666666666,1.0213466666666666,1.65504,1.19788,1.6256266666666666,1.34936,0.09982666666666666,1.3861866666666667,1.3522399999999999,1.771705129720854,1.657898341543514,1.4601573431855501
Sweden,10,3.0573733333333335,2.9546,2.0163466666666667,1.6895733333333334,2.793773333333333,2.8664133333333335,2.8928666666666665,2.6088666666666667,2.5922666666666667,2.1830933333333333,2.0325599999999997,2.13976,2.4877466666666668,2.1708933333333333,2.2080266666666666,1.6163066666666668,1.7969333333333333,1.29032,2.1213333333333333,2.107946666666667,1.7632693333333334,1.4215653333333333,2.157576
Switzerland,10,2.47424,2.584786666666667,1.8574933333333332,1.5309866666666667,2.984453333333333,2.4680933333333335,2.496773333333333,2.7416933333333335,2.16188,1.89224,1.7744666666666666,2.00944,2.18344,1.9677333333333333,1.47752,1.3236266666666667,1.2855733333333335,1.6174666666666666,1.5821333333333334,1.4751866666666666,0.12422666666666665,1.4902533333333334,2.8852800000000003
Syria,-6.309859154929577,-1.6891066666666668,-1.141,1.2027333333333332,1.2297733333333334,-0.8626533333333334,-0.7890666666666667,-1.5333333333333334,-1.2402533333333334,0.9684266666666667,-1.6858,-1.5004666666666666,-1.6916533333333332,-1.6883466666666667,-1.2345066666666666,-1.2840533333333333,-0.18470666666666669,-0.75172,-1.1530133333333334,0.029480000000000006,0.07981333333333333,-0.7714533333333333,-0.35189333333333334,-1.6585866666666667
Taiwan,-0.6857142857142857,0.6047866666666666,0.4716533333333333,1.2657866666666666,0.9903466666666666,1.0194533333333333,0.6275066666666667,0.83344,1.1723733333333333,1.24072,0.5398666666666667,-0.011213333333333306,0.017906666666666723,-0.23788,0.7880133333333332,-0.29596,0.50652,0.7844,0.20921333333333333,0.9646666666666667,1.0972266666666668,0.19937333333333332,-0.08204000000000004,-0.36497333333333337
Tajikistan,-3.2142857142857144,-1.0886666666666667,0.20496666666666669,0.8316333333333333,0.9783333333333333,-1.4881,-1.5021333333333333,-0.6944,-0.46973333333333334,0.6368666666666667,1.3589333333333333,-0.7152666666666666,-0.7669,-1.2971666666666666,-0.9327666666666666,0.12739999999999999,0.5689333333333333,0.7569666666666667,-1.8497333333333332,-0.9787666666666667,-0.7589,0.30223333333333335,-1.5979333333333334,-0.8994333333333333
Tanzania,-3.603448275862069,0.7133866666666667,1.0658400000000001,0.6568266666666667,0.6849333333333334,0.83896,-0.23777333333333336,0.5364,0.59328,0.8638533333333334,1.1159466666666666,0.8967333333333333,0.9271466666666667,0.3238533333333333,1.1318666666666666,0.7289733333333334,0.68188,0.9620933333333334,-0.5058133333333333,-0.8600666666666666,-0.483,0.8229226666666666,-0.07661866666666667,0.3714213333333333
Thailand,0.4189189189189189,-0.8430933333333334,-0.5712133333333334,0.5844533333333334,0.15029333333333333,-0.8751333333333333,-0.9559466666666666,-0.4935866666666667,-0.01836,-1.62016,-1.4120133333333333,-0.11662666666666667,-0.3356133333333333,-0.40788,1.0603733333333334,1.1440266666666667,0.86964,1.06428,0.5138666666666667,0.16432,0.5077200000000001,-0.05590133333333333,-1.257112,-0.46031466666666665
The Gambia,2.0555555555555554,0.18657333333333334,0.97324,0.5522400000000001,0.7916799999999999,0.6610133333333333,0.22984000000000002,0.5481066666666666,0.71012,1.0937733333333333,1.3088133333333334,-0.38216,-0.34198666666666666,0.12852000000000002,1.1527733333333334,1.13396,1.0997333333333332,1.1968666666666667,0.19682666666666668,0.9316266666666666,-0.43406666666666666,0.48590666666666665,0.050533333333333326,0.051893333333333326
Timor-Leste,7.176470588235294,-0.4244,-0.3144666666666666,-0.6069866666666667,-0.85644,-0.60668,-0.7969866666666666,-1.1270266666666666,-1.52688,-0.73544,0.13857333333333333,-0.6749999999999999,-1.2121466666666667,-0.98504,0.10004,-0.8861866666666667,-1.5281466666666665,-1.2021333333333333,-0.4376133333333333,-1.0772266666666666,-0.8012666666666667,-0.7239093333333333,-1.0274346666666667,-0.37289066666666665
Togo,-4.745762711864407,-1.7589333333333332,-1.5259466666666668,0.8734533333333334,0.9211066666666666,-1.1219866666666667,0.40617333333333333,-0.80016,-0.38523999999999997,0.7201733333333333,-0.15810666666666667,-0.3974533333333333,-0.5503199999999999,0.98348,1.4752533333333333,-0.9196533333333333,0.45748,1.2928133333333334,-0.30844,1.0468133333333334,0.30934666666666666,0.43706666666666666,0.44911999999999996,0.45297333333333334
Trinidad and Tobago,9,1.8051466666666667,2.17768,1.632,1.4941066666666667,1.2501333333333333,0.78636,2.026666666666667,1.7847733333333333,1.5534933333333334,1.85776,1.8392,1.6389333333333334,1.49044,0.8998133333333334,1.7854266666666667,0.9493066666666666,1.3705066666666665,0.19778666666666667,1.5406,1.6703466666666666,1.45532,0.22411999999999996,1.7831066666666666
Tunisia,-4.8,-1.2849733333333333,0.27797333333333335,1.4007466666666666,1.1070133333333334,0.42545333333333335,-0.39796,0.7738,1.05288,1.1821733333333333,1.5090533333333334,-0.66572,-0.8718,-0.49161333333333335,-0.5184933333333334,-0.5193866666666668,0.6920933333333332,0.28052000000000005,-0.21825333333333333,1.8705466666666666,1.8493866666666665,0.51476,0.007333333333333349,-0.10788
Turkey,5.905405405405405,-0.6623733333333334,-0.31826666666666664,1.07708,0.5098,-0.3281733333333333,-0.45808,-0.27413333333333334,-0.20268,0.77844,-0.9702533333333333,-0.44550666666666666,0.021413333333333333,-0.37244,-0.8382266666666667,1.02304,0.8448933333333333,-0.58364,0.42878666666666665,1.14772,1.23464,0.8515466666666667,-0.15364,0.5949066666666667
Turkmenistan,-8.75,-1.8894333333333333,-0.4741,1.1167666666666667,1.1387333333333334,-1.5489,-1.7975666666666668,-1.6942666666666666,-1.9174333333333333,0.14526666666666666,-0.5109666666666667,-1.537,-1.4465000000000001,-2.5243666666666664,-2.2106,-1.6183,-1.7929,-1.0507333333333333,-2.1748,-1.3037333333333334,-1.1929666666666667,0.9410333333333334,0.5308666666666667,-0.9480666666666666
Uganda,-2.6785714285714284,-1.1988,-1.2121466666666667,0.9701066666666667,0.6264666666666666,-0.7390533333333333,-0.29914666666666667,1.1437733333333333,0.5264,0.5978133333333333,0.8400266666666667,0.3350266666666667,0.07064000000000001,-0.6978800000000001,1.39648,-0.47945333333333334,0.3147066666666667,0.9433333333333334,-0.01788,-0.43312,-0.6875866666666667,-0.01844000000000001,-1.16128,-1.2274666666666667
Ukraine,5.964285714285714,0.5362,0.5996333333333334,1.4492333333333334,1.0473000000000001,-0.4938666666666667,-0.6676666666666666,-0.0658,1.2893666666666668,0.4764,1.0376333333333334,1.8113333333333332,1.8456666666666668,1.0937666666666666,1.5357,1.4068,1.6004333333333334,1.9722666666666666,0.33666666666666667,1.7119666666666666,2.0604666666666667,2.4369666666666667,1.8287333333333333,1.6971666666666667
United Arab Emirates,-8,-0.23289795918367348,1.699326530612245,-1.515408163265306,-1.4694489795918366,0.8212448979591837,0.9359795918367347,0.05042857142857141,0.15710204081632653,0.21383673469387754,-0.5826734693877551,-0.3647959183673469,-1.0555102040816327,-0.052938775510204074,0.14481632653061224,0.011244897959183675,-0.4028979591836735,-1.080673469387755,-1.4787142857142856,-0.5238979591836734,-0.4618163265306123,-1.0362857142857143,-0.8572857142857143,0.4462244897959184
United Kingdom,9.91891891891892,1.6970800000000001,1.3577066666666666,1.11788,1.54636,2.8014,2.3030666666666666,2.8362133333333333,2.8459733333333332,1.75708,1.4360666666666666,1.4085733333333335,1.6217066666666666,1.7616133333333335,1.4840666666666666,1.8706533333333333,1.69368,1.9184666666666665,1.0104933333333332,1.6370133333333334,1.6999733333333333,1.8655333333333333,1.5365733333333333,1.79092
United States of America,9.72972972972973,1.5446133333333334,1.99068,1.12792,1.4866,2.1815466666666667,1.8934,1.9624933333333334,1.8506933333333333,1.5303866666666668,-0.29634666666666665,2.1373066666666665,2.030386666666667,2.6624133333333333,2.258373333333333,1.75496,1.2270533333333333,1.5472,1.9077733333333333,1.3027866666666665,1.5796,1.2686533333333334,2.238,2.5214933333333334
Uruguay,5.391891891891892,1.0656533333333333,1.5283466666666667,1.732,1.9221866666666667,1.0503066666666667,1.0424533333333335,1.21436,1.2830933333333334,1.3564800000000001,1.27028,1.73804,1.0634,1.72492,1.7879866666666666,1.3583866666666666,1.40648,1.52792,0.42410666666666663,1.7712266666666667,2.0341066666666667,1.7824933333333333,1.1139733333333333,1.8910533333333333
Uzbekistan,-9,-1.4493333333333334,0.5824,-1.674,-1.5094,-1.1147,-1.1496,-0.9634999999999999,-0.8432333333333334,-1.1505333333333334,0.5403333333333333,-1.0434666666666665,-0.9693333333333334,-1.6430333333333333,-1.7998333333333334,-0.5577666666666666,-0.5494666666666667,-0.4285666666666667,-1.4448666666666667,-0.6480333333333334,-0.5836666666666667,-0.02299547826086957,-0.5632447536231884,-0.6955144347826087
Vanuatu,6.22830267242032,2.0726133333333334,2.2872533333333336,1.7060266666666668,1.8557333333333335,1.1571333333333333,1.4748666666666668,1.25716,1.1366133333333333,1.5771333333333333,1.1291466666666665,1.3970266666666666,1.1934,1.4942933333333333,1.7732666666666668,1.1556133333333334,1.3464,0.7534666666666666,1.1578933333333332,1.12068,0.8829333333333333,-0.35014666666666666,1.1990666666666667,0.6577733333333333
Venezuela,4.702702702702703,0.7529066666666666,0.28430666666666665,1.84024,2.2083066666666666,0.3174266666666667,-0.14812,0.0022933333333333187,0.37645333333333336,0.7822,1.4608266666666667,0.7146933333333333,1.0251066666666666,1.0469866666666667,1.4414266666666666,1.2348133333333333,1.2259333333333333,1.24684,0.31228,1.3963733333333332,1.9195333333333333,2.11836,1.1021066666666668,0.44466666666666665
Vietnam,-7.318181818181818,-0.6568133333333334,0.9573333333333333,0.7043066666666666,0.04348,-0.98448,-1.0318666666666667,-1.0155866666666666,-0.8082,0.6508266666666667,1.0955733333333333,-0.9184266666666667,-1.072,-1.1288799999999999,-0.8938933333333333,-1.2363866666666667,-0.6324533333333333,-0.09494666666666664,-1.2742933333333333,-1.47388,-0.19140000000000004,1.0163733333333334,-1.4716933333333333,-1.3730133333333334
Yemen,-1.5172413793103448,-0.9693333333333333,-1.1160133333333333,-0.3984533333333333,-1.03948,-1.35768,-1.58192,-1.04664,-1.6075733333333333,-0.8554933333333333,-2.1103066666666668,-0.83052,-1.5026266666666668,-0.9330933333333333,-1.7830133333333333,-1.0616133333333333,-0.9751066666666667,-1.8593066666666667,-0.50956,-0.6966133333333333,-1.0820933333333334,-1.66268,-1.4600533333333334,-1.1489066666666667
Zambia,-0.34545454545454546,-1.02332,0.4547466666666667,0.15853333333333336,0.15864,0.19050666666666666,0.3726933333333333,0.13454666666666665,0.0024000000000000124,-0.020786666666666686,0.16773333333333337,-0.03845333333333337,0.42958666666666667,-0.1824,0.93612,0.41308,0.1668666666666667,0.34992,-0.6217733333333333,-0.18852000000000002,-0.7513733333333333,1.44628,-0.3186266666666666,-0.4318
Zanzibar,-1.1000127086333984,-0.12381333333333332,0.26068,1.2142266666666666,0.9596933333333333,-0.11766666666666667,-0.6437466666666667,-0.29061333333333333,-0.25751999999999997,0.18714666666666668,-0.12921333333333335,-1.0768,-1.02112,-1.0453466666666666,0.21136,0.44821333333333335,0.13920000000000002,0.31478666666666666,-0.36692,0.20013333333333333,0.28224,-0.45757333333333333,-0.5159866666666667,-0.45008
Zimbabwe,-0.5306122448979592,-1.5420133333333332,-1.471,0.20087999999999998,-0.04148000000000003,-0.3594533333333333,-1.1852133333333332,-0.37096,-1.03268,-1.3869733333333332,-0.8353866666666666,-1.4575333333333333,-1.72872,-1.1289466666666668,1.1672,0.10636,-0.3847066666666667,-0.32092000000000004,-0.5429333333333333,-0.80324,-1.90556,-0.5015466666666667,-1.59412,-1.3943333333333334
